opportunity_id,account_name,rep_name,region,vertical,stage,stage_number,arr_value,close_date,created_date,created_quarter,created_year,days_in_stage,sales_cycle_days,source,deal_type
OPP-0001,Account 0001,James Okafor,North America,Manufacturing,Closed Won,6,33000,2023-12-10,2023-10-09,Q4,2023,16,56,Inbound,New Logo
OPP-0002,Account 0002,Chloe Dupont,EMEA,Retail,Stage 3 - Demo,3,28000,2023-08-17,2023-07-23,Q3,2023,19,15,Event,Expansion
OPP-0003,Account 0003,Lisa Torres,EMEA,Healthcare,Closed Lost,0,63000,2024-05-25,2023-12-11,Q4,2023,26,137,Partner,New Logo
OPP-0004,Account 0004,Priya Patel,APAC,Technology,Closed Won,6,49000,2024-04-09,2024-01-06,Q1,2024,25,80,Inbound,Expansion
OPP-0005,Account 0005,Ryan Nakamura,North America,Retail,Closed Won,6,28000,2023-12-29,2023-08-03,Q3,2023,16,126,Inbound,Expansion
OPP-0006,Account 0006,Aisha Johnson,North America,Technology,Stage 3 - Demo,3,109000,2023-10-12,2023-08-23,Q3,2023,18,46,Event,Renewal
OPP-0007,Account 0007,Lisa Torres,EMEA,Healthcare,Stage 4 - Proposal,4,30000,2023-11-18,2023-09-27,Q3,2023,9,25,SDR,Expansion
OPP-0008,Account 0008,Lisa Torres,EMEA,Healthcare,Closed Lost,0,28000,2024-08-03,2024-03-08,Q1,2024,19,127,SDR,Expansion
OPP-0009,Account 0009,Aisha Johnson,North America,Financial Services,Closed Lost,0,40000,2024-09-10,2024-03-21,Q1,2024,14,157,Partner,New Logo
OPP-0010,Account 0010,Lisa Torres,EMEA,Healthcare,Closed Lost,0,100000,2023-11-05,2023-06-15,Q2,2023,5,136,SDR,New Logo
OPP-0011,Account 0011,Emma Rodriguez,EMEA,Technology,Closed Won,6,55000,2023-08-11,2023-03-29,Q1,2023,15,122,SDR,Expansion
OPP-0012,Account 0012,Miguel Ferreira,LATAM,Professional Services,Stage 5 - Negotiation,5,26000,2023-08-28,2023-07-25,Q3,2023,16,34,Partner,Expansion
OPP-0013,Account 0013,Yuki Tanaka,APAC,Manufacturing,Closed Lost,0,12000,2023-09-15,2023-03-14,Q1,2023,15,170,Inbound,Expansion
OPP-0014,Account 0014,Miguel Ferreira,LATAM,Technology,Stage 3 - Demo,3,84000,2024-07-01,2024-04-29,Q2,2024,8,42,Event,New Logo
OPP-0015,Account 0015,Marcus Webb,EMEA,Financial Services,Stage 3 - Demo,3,49000,2024-02-05,2023-12-14,Q4,2023,6,26,Outbound,Renewal
OPP-0016,Account 0016,Nina Kovacs,EMEA,Retail,Closed Lost,0,83000,2023-11-02,2023-04-11,Q2,2023,27,178,Inbound,New Logo
OPP-0017,Account 0017,Marcus Webb,EMEA,Financial Services,Stage 3 - Demo,3,68000,2023-02-17,2023-01-03,Q1,2023,5,27,Event,Renewal
OPP-0018,Account 0018,Aisha Johnson,North America,Financial Services,Stage 1 - Discovery,1,155000,2024-05-22,2024-05-03,Q2,2024,9,7,Outbound,New Logo
OPP-0019,Account 0019,Yuki Tanaka,APAC,Manufacturing,Closed Won,6,24000,2023-05-20,2023-02-10,Q1,2023,21,95,SDR,Expansion
OPP-0020,Account 0020,Nina Kovacs,EMEA,Professional Services,Closed Lost,0,77000,2023-06-21,2023-03-16,Q1,2023,17,69,SDR,New Logo
OPP-0021,Account 0021,Liam O'Brien,EMEA,Manufacturing,Closed Lost,0,68000,2024-10-03,2024-03-24,Q1,2024,10,163,SDR,Renewal
OPP-0022,Account 0022,Wei Zhang,APAC,Financial Services,Closed Won,6,27000,2023-08-03,2023-04-20,Q2,2023,5,77,Partner,Expansion
OPP-0023,Account 0023,Priya Patel,APAC,Technology,Closed Won,6,69000,2024-02-04,2023-10-11,Q4,2023,2,99,Outbound,New Logo
OPP-0024,Account 0024,James Okafor,North America,Manufacturing,Closed Won,6,86000,2023-08-19,2023-06-02,Q2,2023,24,50,SDR,New Logo
OPP-0025,Account 0025,David Kim,North America,Technology,Closed Lost,0,94000,2023-09-23,2023-04-16,Q2,2023,23,155,Event,New Logo
OPP-0026,Account 0026,Tom Brennan,North America,Professional Services,Stage 4 - Proposal,4,91000,2023-11-26,2023-09-12,Q3,2023,16,49,Inbound,New Logo
OPP-0027,Account 0027,Emma Rodriguez,EMEA,Technology,Closed Lost,0,63000,2023-10-30,2023-07-17,Q3,2023,3,95,Inbound,New Logo
OPP-0028,Account 0028,James Okafor,North America,Healthcare,Stage 2 - Qualified,2,53000,2023-08-07,2023-07-02,Q3,2023,26,33,Inbound,Expansion
OPP-0029,Account 0029,Yuki Tanaka,APAC,Manufacturing,Closed Won,6,12000,2023-06-01,2023-02-15,Q1,2023,22,87,SDR,Expansion
OPP-0030,Account 0030,James Okafor,North America,Healthcare,Closed Won,6,65000,2024-08-28,2024-06-03,Q2,2024,21,67,Event,New Logo
OPP-0031,Account 0031,Fatima Al-Hassan,APAC,Retail,Closed Won,6,32000,2023-05-06,2023-01-01,Q1,2023,12,110,SDR,New Logo
OPP-0032,Account 0032,Priya Patel,APAC,Technology,Closed Won,6,137000,2024-04-12,2023-12-10,Q4,2023,6,105,Outbound,New Logo
OPP-0033,Account 0033,Nina Kovacs,EMEA,Professional Services,Stage 3 - Demo,3,25000,2023-09-03,2023-07-19,Q3,2023,35,21,Event,Expansion
OPP-0034,Account 0034,Nina Kovacs,EMEA,Professional Services,Closed Won,6,31000,2024-01-13,2023-09-13,Q3,2023,30,109,Outbound,Renewal
OPP-0035,Account 0035,Ryan Nakamura,North America,Manufacturing,Closed Won,6,41000,2024-06-20,2024-04-05,Q2,2024,20,54,Partner,New Logo
OPP-0036,Account 0036,Emma Rodriguez,EMEA,Technology,Stage 3 - Demo,3,37000,2024-01-01,2023-11-24,Q4,2023,31,28,Outbound,Renewal
OPP-0037,Account 0037,Tom Brennan,North America,Technology,Closed Lost,0,117000,2024-09-06,2024-03-06,Q1,2024,28,157,Inbound,New Logo
OPP-0038,Account 0038,Miguel Ferreira,LATAM,Retail,Stage 1 - Discovery,1,36000,2023-09-17,2023-08-14,Q3,2023,3,17,Event,New Logo
OPP-0039,Account 0039,Fatima Al-Hassan,APAC,Retail,Stage 3 - Demo,3,46000,2023-03-21,2023-01-28,Q1,2023,26,28,Event,New Logo
OPP-0040,Account 0040,Wei Zhang,APAC,Manufacturing,Stage 1 - Discovery,1,52000,2023-10-28,2023-09-16,Q3,2023,17,12,SDR,Renewal
OPP-0041,Account 0041,David Kim,North America,Retail,Closed Won,6,49000,2023-10-25,2023-06-06,Q2,2023,9,122,Inbound,New Logo
OPP-0042,Account 0042,Ryan Nakamura,North America,Technology,Stage 4 - Proposal,4,86000,2023-03-21,2023-01-27,Q1,2023,9,26,Event,Renewal
OPP-0043,Account 0043,Yuki Tanaka,APAC,Healthcare,Closed Won,6,62000,2024-11-30,2024-06-29,Q2,2024,31,126,SDR,New Logo
OPP-0044,Account 0044,Lisa Torres,EMEA,Healthcare,Closed Won,6,47000,2024-08-21,2024-06-18,Q2,2024,30,56,SDR,Renewal
OPP-0045,Account 0045,Emma Rodriguez,EMEA,Retail,Stage 3 - Demo,3,50000,2024-03-17,2024-01-24,Q1,2024,19,31,Partner,New Logo
OPP-0046,Account 0046,Miguel Ferreira,LATAM,Technology,Closed Won,6,112000,2023-09-02,2023-07-15,Q3,2023,20,47,Event,New Logo
OPP-0047,Account 0047,Emma Rodriguez,EMEA,Technology,Closed Won,6,96000,2023-12-27,2023-09-07,Q3,2023,21,103,Event,New Logo
OPP-0048,Account 0048,Wei Zhang,APAC,Financial Services,Stage 3 - Demo,3,141000,2023-09-29,2023-07-17,Q3,2023,14,48,Outbound,New Logo
OPP-0049,Account 0049,Carlos Mendoza,North America,Healthcare,Stage 3 - Demo,3,93000,2023-07-29,2023-07-03,Q3,2023,2,23,Outbound,New Logo
OPP-0050,Account 0050,Yuki Tanaka,APAC,Manufacturing,Stage 3 - Demo,3,36000,2024-06-11,2024-05-05,Q2,2024,5,19,Inbound,New Logo
OPP-0051,Account 0051,Lisa Torres,EMEA,Healthcare,Closed Won,6,50000,2024-02-26,2023-11-08,Q4,2023,29,101,SDR,New Logo
OPP-0052,Account 0052,Carlos Mendoza,North America,Healthcare,Closed Won,6,43000,2023-05-01,2023-03-03,Q1,2023,2,54,Outbound,Expansion
OPP-0053,Account 0053,Tom Brennan,North America,Technology,Closed Won,6,58000,2024-09-16,2024-04-26,Q2,2024,14,125,Partner,New Logo
OPP-0054,Account 0054,Tom Brennan,North America,Technology,Stage 1 - Discovery,1,59000,2023-09-24,2023-08-19,Q3,2023,21,14,Outbound,Expansion
OPP-0055,Account 0055,Fatima Al-Hassan,APAC,Retail,Closed Won,6,57000,2024-10-03,2024-05-20,Q2,2024,3,118,Event,New Logo
OPP-0056,Account 0056,Wei Zhang,APAC,Financial Services,Stage 3 - Demo,3,128000,2023-08-27,2023-06-29,Q2,2023,23,46,Partner,New Logo
OPP-0057,Account 0057,Aisha Johnson,North America,Financial Services,Closed Won,6,134000,2023-09-11,2023-06-14,Q2,2023,27,86,Partner,New Logo
OPP-0058,Account 0058,Chloe Dupont,EMEA,Technology,Closed Won,6,53000,2024-08-15,2024-04-18,Q2,2024,20,115,Partner,New Logo
OPP-0059,Account 0059,Nina Kovacs,EMEA,Manufacturing,Closed Won,6,70000,2023-07-17,2023-05-05,Q2,2023,9,59,Outbound,New Logo
OPP-0060,Account 0060,Lisa Torres,EMEA,Healthcare,Closed Lost,0,53000,2024-02-10,2023-10-26,Q4,2023,10,91,Event,New Logo
OPP-0061,Account 0061,Priya Patel,APAC,Technology,Closed Won,6,119000,2024-07-06,2024-02-29,Q1,2024,24,113,Partner,New Logo
OPP-0062,Account 0062,Aisha Johnson,North America,Financial Services,Closed Lost,0,83000,2024-05-13,2024-01-22,Q1,2024,26,90,Outbound,New Logo
OPP-0063,Account 0063,Fatima Al-Hassan,APAC,Professional Services,Closed Lost,0,28000,2023-10-08,2023-06-05,Q2,2023,11,102,SDR,New Logo
OPP-0064,Account 0064,Tom Brennan,North America,Financial Services,Closed Won,6,171000,2023-08-12,2023-03-18,Q1,2023,33,125,Partner,New Logo
OPP-0065,Account 0065,Miguel Ferreira,LATAM,Technology,Closed Lost,0,108000,2023-08-28,2023-03-12,Q1,2023,12,155,Partner,New Logo
OPP-0066,Account 0066,Carlos Mendoza,North America,Technology,Stage 5 - Negotiation,5,29000,2024-01-28,2023-11-29,Q4,2023,26,41,Partner,Expansion
OPP-0067,Account 0067,Grace Okonkwo,EMEA,Financial Services,Closed Won,6,53000,2024-09-20,2024-05-24,Q2,2024,6,114,Event,Renewal
OPP-0068,Account 0068,Nina Kovacs,EMEA,Retail,Stage 5 - Negotiation,5,20000,2024-01-05,2023-11-03,Q4,2023,24,45,Partner,Expansion
OPP-0069,Account 0069,Yuki Tanaka,APAC,Manufacturing,Stage 3 - Demo,3,85000,2024-01-03,2023-10-30,Q4,2023,24,46,Event,New Logo
OPP-0070,Account 0070,Emma Rodriguez,EMEA,Technology,Closed Won,6,50000,2024-01-06,2023-09-14,Q3,2023,10,91,Outbound,Expansion
OPP-0071,Account 0071,Priya Patel,APAC,Healthcare,Closed Lost,0,39000,2024-07-10,2024-03-01,Q1,2024,9,106,SDR,New Logo
OPP-0072,Account 0072,Nina Kovacs,EMEA,Financial Services,Closed Lost,0,124000,2024-02-01,2023-08-20,Q3,2023,31,162,Event,Renewal
OPP-0073,Account 0073,Liam O'Brien,EMEA,Manufacturing,Stage 2 - Qualified,2,38000,2023-10-26,2023-09-26,Q3,2023,6,10,Partner,Expansion
OPP-0074,Account 0074,Nina Kovacs,EMEA,Healthcare,Stage 4 - Proposal,4,31000,2024-05-01,2024-02-23,Q1,2024,25,54,Inbound,New Logo
OPP-0075,Account 0075,Miguel Ferreira,LATAM,Technology,Closed Won,6,94000,2023-10-17,2023-06-08,Q2,2023,17,101,Event,Renewal
OPP-0076,Account 0076,Liam O'Brien,EMEA,Manufacturing,Stage 1 - Discovery,1,97000,2024-02-12,2024-01-12,Q1,2024,3,11,Partner,New Logo
OPP-0077,Account 0077,Marcus Webb,EMEA,Financial Services,Stage 3 - Demo,3,30000,2023-06-29,2023-05-09,Q2,2023,11,24,SDR,Expansion
OPP-0078,Account 0078,Lisa Torres,EMEA,Healthcare,Stage 1 - Discovery,1,108000,2023-07-11,2023-06-28,Q2,2023,10,12,Outbound,New Logo
OPP-0079,Account 0079,Tom Brennan,North America,Technology,Closed Won,6,118000,2023-06-12,2023-03-07,Q1,2023,3,83,SDR,New Logo
OPP-0080,Account 0080,Marcus Webb,EMEA,Manufacturing,Stage 1 - Discovery,1,27000,2024-04-15,2024-03-12,Q1,2024,22,15,Event,Expansion
OPP-0081,Account 0081,Fatima Al-Hassan,APAC,Retail,Closed Won,6,58000,2024-02-20,2023-10-29,Q4,2023,31,88,Inbound,New Logo
OPP-0082,Account 0082,Fatima Al-Hassan,APAC,Retail,Stage 4 - Proposal,4,39000,2023-05-06,2023-04-08,Q2,2023,25,25,Partner,New Logo
OPP-0083,Account 0083,Lisa Torres,EMEA,Healthcare,Closed Lost,0,29000,2024-05-20,2023-12-04,Q4,2023,15,152,Event,Expansion
OPP-0084,Account 0084,Lisa Torres,EMEA,Healthcare,Stage 4 - Proposal,4,54000,2023-10-23,2023-08-18,Q3,2023,3,47,SDR,Renewal
OPP-0085,Account 0085,Grace Okonkwo,EMEA,Professional Services,Closed Lost,0,48000,2024-01-15,2023-10-01,Q4,2023,11,104,Partner,New Logo
OPP-0086,Account 0086,Sarah Chen,North America,Technology,Stage 2 - Qualified,2,78000,2024-08-24,2024-06-27,Q2,2024,5,34,Partner,New Logo
OPP-0087,Account 0087,Priya Patel,APAC,Technology,Stage 3 - Demo,3,81000,2024-05-06,2024-03-10,Q1,2024,35,42,Partner,New Logo
OPP-0088,Account 0088,Carlos Mendoza,North America,Healthcare,Stage 4 - Proposal,4,29000,2024-03-18,2024-02-09,Q1,2024,33,38,Outbound,Renewal
OPP-0089,Account 0089,Tom Brennan,North America,Technology,Closed Lost,0,57000,2024-07-20,2024-01-25,Q1,2024,6,163,SDR,New Logo
OPP-0090,Account 0090,Aisha Johnson,North America,Financial Services,Stage 5 - Negotiation,5,43000,2024-04-25,2024-02-19,Q1,2024,8,53,Inbound,Expansion
OPP-0091,Account 0091,Emma Rodriguez,EMEA,Technology,Closed Won,6,76000,2024-06-23,2024-02-15,Q1,2024,35,126,Partner,New Logo
OPP-0092,Account 0092,Chloe Dupont,EMEA,Retail,Stage 3 - Demo,3,80000,2024-01-21,2023-12-24,Q4,2023,13,26,Outbound,New Logo
OPP-0093,Account 0093,Raj Krishnan,APAC,Healthcare,Stage 4 - Proposal,4,49000,2024-05-18,2024-04-04,Q2,2024,21,24,SDR,Expansion
OPP-0094,Account 0094,Wei Zhang,APAC,Financial Services,Stage 1 - Discovery,1,82000,2024-01-22,2023-12-27,Q4,2023,31,14,Event,New Logo
OPP-0095,Account 0095,Yuki Tanaka,APAC,Manufacturing,Stage 4 - Proposal,4,84000,2023-03-26,2023-02-12,Q1,2023,13,26,Outbound,New Logo
OPP-0096,Account 0096,Marcus Webb,EMEA,Financial Services,Stage 2 - Qualified,2,100000,2024-04-16,2024-03-24,Q1,2024,23,22,SDR,Renewal
OPP-0097,Account 0097,Priya Patel,APAC,Technology,Closed Lost,0,112000,2024-06-03,2024-01-31,Q1,2024,27,102,SDR,New Logo
OPP-0098,Account 0098,Lisa Torres,EMEA,Healthcare,Closed Won,6,62000,2023-05-25,2023-03-28,Q1,2023,21,47,Partner,New Logo
OPP-0099,Account 0099,Ryan Nakamura,North America,Healthcare,Stage 1 - Discovery,1,120000,2024-05-30,2024-05-12,Q2,2024,10,8,Outbound,New Logo
OPP-0100,Account 0100,Grace Okonkwo,EMEA,Financial Services,Closed Won,6,134000,2023-09-13,2023-06-16,Q2,2023,20,75,SDR,New Logo
OPP-0101,Account 0101,Nina Kovacs,EMEA,Professional Services,Closed Lost,0,93000,2023-12-19,2023-09-02,Q3,2023,26,84,Event,New Logo
OPP-0102,Account 0102,Chloe Dupont,EMEA,Retail,Closed Lost,0,63000,2023-09-16,2023-06-15,Q2,2023,9,66,Outbound,Renewal
OPP-0103,Account 0103,Carlos Mendoza,North America,Healthcare,Closed Lost,0,112000,2023-09-05,2023-06-14,Q2,2023,34,71,Outbound,New Logo
OPP-0104,Account 0104,Liam O'Brien,EMEA,Manufacturing,Closed Lost,0,24000,2023-09-13,2023-03-25,Q1,2023,32,143,Inbound,New Logo
OPP-0105,Account 0105,Lisa Torres,EMEA,Manufacturing,Stage 3 - Demo,3,41000,2024-05-29,2024-04-04,Q2,2024,21,48,Inbound,Expansion
OPP-0106,Account 0106,James Okafor,North America,Manufacturing,Stage 2 - Qualified,2,31000,2024-04-21,2024-03-05,Q1,2024,17,29,Inbound,Expansion
OPP-0107,Account 0107,Lisa Torres,EMEA,Healthcare,Stage 3 - Demo,3,22000,2023-02-25,2023-01-02,Q1,2023,34,38,Event,Expansion
OPP-0108,Account 0108,Miguel Ferreira,LATAM,Technology,Stage 3 - Demo,3,75000,2024-06-04,2024-04-26,Q2,2024,8,19,Partner,New Logo
OPP-0109,Account 0109,Yuki Tanaka,APAC,Healthcare,Closed Lost,0,78000,2023-10-13,2023-05-17,Q2,2023,31,147,Outbound,New Logo
OPP-0110,Account 0110,Marcus Webb,EMEA,Financial Services,Closed Lost,0,72000,2023-06-25,2023-02-14,Q1,2023,20,125,Partner,Expansion
OPP-0111,Account 0111,Liam O'Brien,EMEA,Technology,Closed Lost,0,120000,2024-05-20,2023-12-06,Q4,2023,35,155,Event,New Logo
OPP-0112,Account 0112,Wei Zhang,APAC,Professional Services,Closed Won,6,76000,2024-06-16,2024-03-10,Q1,2024,29,84,Outbound,New Logo
OPP-0113,Account 0113,Ryan Nakamura,North America,Retail,Closed Won,6,65000,2024-05-12,2023-12-26,Q4,2023,25,126,Partner,New Logo
OPP-0114,Account 0114,Chloe Dupont,EMEA,Professional Services,Closed Won,6,33000,2023-10-29,2023-06-13,Q2,2023,25,127,SDR,Renewal
OPP-0115,Account 0115,Fatima Al-Hassan,APAC,Technology,Stage 5 - Negotiation,5,61000,2023-08-04,2023-06-07,Q2,2023,17,50,Partner,Expansion
OPP-0116,Account 0116,James Okafor,North America,Manufacturing,Stage 2 - Qualified,2,52000,2023-09-02,2023-07-10,Q3,2023,33,32,SDR,New Logo
OPP-0117,Account 0117,David Kim,North America,Technology,Closed Lost,0,131000,2023-09-13,2023-03-17,Q1,2023,20,163,Event,New Logo
OPP-0118,Account 0118,Carlos Mendoza,North America,Professional Services,Closed Lost,0,30000,2023-12-24,2023-06-28,Q2,2023,25,161,Inbound,Expansion
OPP-0119,Account 0119,Nina Kovacs,EMEA,Retail,Stage 4 - Proposal,4,12000,2023-07-02,2023-05-13,Q2,2023,22,46,Partner,Expansion
OPP-0120,Account 0120,Priya Patel,APAC,Technology,Closed Won,6,129000,2024-10-06,2024-06-13,Q2,2024,21,111,SDR,New Logo
OPP-0121,Account 0121,Ryan Nakamura,North America,Retail,Closed Lost,0,79000,2023-11-28,2023-08-19,Q3,2023,7,92,Partner,New Logo
OPP-0122,Account 0122,Chloe Dupont,EMEA,Retail,Stage 4 - Proposal,4,59000,2023-07-07,2023-06-07,Q2,2023,15,22,SDR,New Logo
OPP-0123,Account 0123,Yuki Tanaka,APAC,Manufacturing,Closed Won,6,70000,2023-04-18,2023-02-01,Q1,2023,5,54,Partner,New Logo
OPP-0124,Account 0124,Ryan Nakamura,North America,Retail,Stage 4 - Proposal,4,40000,2024-07-10,2024-05-10,Q2,2024,8,45,Outbound,New Logo
OPP-0125,Account 0125,Aisha Johnson,North America,Financial Services,Stage 1 - Discovery,1,73000,2023-05-30,2023-05-06,Q2,2023,12,18,Inbound,New Logo
OPP-0126,Account 0126,Raj Krishnan,APAC,Manufacturing,Closed Lost,0,54000,2024-09-27,2024-05-25,Q2,2024,20,124,Inbound,Renewal
OPP-0127,Account 0127,Raj Krishnan,APAC,Healthcare,Stage 5 - Negotiation,5,28000,2024-06-30,2024-04-26,Q2,2024,5,53,Inbound,New Logo
OPP-0128,Account 0128,Yuki Tanaka,APAC,Manufacturing,Stage 5 - Negotiation,5,12000,2024-02-23,2024-01-07,Q1,2024,23,36,SDR,Expansion
OPP-0129,Account 0129,Miguel Ferreira,LATAM,Financial Services,Stage 1 - Discovery,1,42000,2023-08-26,2023-07-23,Q3,2023,34,15,Inbound,Expansion
OPP-0130,Account 0130,Lisa Torres,EMEA,Healthcare,Closed Won,6,120000,2024-03-04,2023-11-23,Q4,2023,9,92,Partner,New Logo
OPP-0131,Account 0131,Tom Brennan,North America,Technology,Closed Won,6,27000,2023-06-25,2023-01-28,Q1,2023,26,125,SDR,Expansion
OPP-0132,Account 0132,Lisa Torres,EMEA,Financial Services,Stage 1 - Discovery,1,60000,2023-03-08,2023-02-02,Q1,2023,32,18,Outbound,Expansion
OPP-0133,Account 0133,Marcus Webb,EMEA,Retail,Closed Won,6,37000,2023-11-20,2023-08-01,Q3,2023,18,90,Event,Expansion
OPP-0134,Account 0134,Grace Okonkwo,EMEA,Financial Services,Closed Won,6,80000,2023-12-25,2023-09-10,Q3,2023,19,89,Partner,New Logo
OPP-0135,Account 0135,Carlos Mendoza,North America,Healthcare,Closed Lost,0,57000,2024-07-15,2024-01-24,Q1,2024,30,162,Partner,Renewal
OPP-0136,Account 0136,Wei Zhang,APAC,Financial Services,Closed Won,6,69000,2023-12-31,2023-07-26,Q3,2023,35,130,SDR,Renewal
OPP-0137,Account 0137,Emma Rodriguez,EMEA,Technology,Stage 2 - Qualified,2,68000,2023-04-03,2023-02-23,Q1,2023,32,10,Event,New Logo
OPP-0138,Account 0138,Raj Krishnan,APAC,Healthcare,Closed Won,6,87000,2024-02-19,2023-10-22,Q4,2023,33,95,Inbound,New Logo
OPP-0139,Account 0139,Ryan Nakamura,North America,Healthcare,Closed Lost,0,80000,2023-06-17,2023-02-08,Q1,2023,34,102,Inbound,New Logo
OPP-0140,Account 0140,Nina Kovacs,EMEA,Professional Services,Closed Won,6,87000,2023-07-09,2023-04-26,Q2,2023,27,69,Partner,New Logo
OPP-0141,Account 0141,Tom Brennan,North America,Technology,Stage 5 - Negotiation,5,43000,2023-06-07,2023-03-30,Q1,2023,19,45,Outbound,New Logo
OPP-0142,Account 0142,Aisha Johnson,North America,Financial Services,Stage 1 - Discovery,1,88000,2023-03-01,2023-01-12,Q1,2023,21,19,Outbound,New Logo
OPP-0143,Account 0143,James Okafor,North America,Manufacturing,Stage 5 - Negotiation,5,39000,2024-02-10,2023-10-30,Q4,2023,15,78,Outbound,New Logo
OPP-0144,Account 0144,Emma Rodriguez,EMEA,Technology,Stage 1 - Discovery,1,90000,2023-04-19,2023-03-25,Q1,2023,11,8,Partner,New Logo
OPP-0145,Account 0145,Ryan Nakamura,North America,Retail,Closed Won,6,62000,2024-10-17,2024-06-16,Q2,2024,31,110,SDR,New Logo
OPP-0146,Account 0146,Yuki Tanaka,APAC,Manufacturing,Stage 4 - Proposal,4,20000,2024-06-27,2024-04-18,Q2,2024,24,57,Inbound,Expansion
OPP-0147,Account 0147,Priya Patel,APAC,Technology,Stage 1 - Discovery,1,36000,2023-04-12,2023-03-03,Q1,2023,28,10,Event,Renewal
OPP-0148,Account 0148,Liam O'Brien,EMEA,Manufacturing,Stage 2 - Qualified,2,82000,2024-05-16,2024-04-04,Q2,2024,35,30,Event,Renewal
OPP-0149,Account 0149,Lisa Torres,EMEA,Financial Services,Closed Won,6,77000,2023-04-28,2023-01-04,Q1,2023,11,103,Event,Expansion
OPP-0150,Account 0150,Wei Zhang,APAC,Financial Services,Closed Won,6,129000,2023-08-26,2023-04-26,Q2,2023,30,121,SDR,New Logo
OPP-0151,Account 0151,Grace Okonkwo,EMEA,Financial Services,Stage 3 - Demo,3,46000,2023-04-17,2023-02-19,Q1,2023,22,47,Event,New Logo
OPP-0152,Account 0152,Emma Rodriguez,EMEA,Technology,Stage 4 - Proposal,4,81000,2023-08-01,2023-05-27,Q2,2023,26,55,Event,Renewal
OPP-0153,Account 0153,Chloe Dupont,EMEA,Retail,Closed Won,6,38000,2024-07-13,2024-03-02,Q1,2024,5,104,Outbound,New Logo
OPP-0154,Account 0154,Miguel Ferreira,LATAM,Technology,Stage 3 - Demo,3,21000,2024-04-10,2024-03-02,Q1,2024,19,38,Outbound,Expansion
OPP-0155,Account 0155,Fatima Al-Hassan,APAC,Retail,Closed Won,6,28000,2023-04-03,2023-02-10,Q1,2023,14,46,SDR,Renewal
OPP-0156,Account 0156,James Okafor,North America,Manufacturing,Closed Lost,0,34000,2024-02-03,2023-09-06,Q3,2023,24,130,Event,Expansion
OPP-0157,Account 0157,Carlos Mendoza,North America,Healthcare,Closed Won,6,63000,2024-10-31,2024-06-09,Q2,2024,16,117,Event,Renewal
OPP-0158,Account 0158,Lisa Torres,EMEA,Healthcare,Stage 4 - Proposal,4,45000,2024-05-11,2024-03-03,Q1,2024,33,61,Outbound,New Logo
OPP-0159,Account 0159,Raj Krishnan,APAC,Healthcare,Stage 3 - Demo,3,94000,2024-02-06,2023-12-27,Q4,2023,2,17,Event,New Logo
OPP-0160,Account 0160,Tom Brennan,North America,Technology,Closed Won,6,49000,2023-10-11,2023-08-25,Q3,2023,28,47,Outbound,New Logo
OPP-0161,Account 0161,Sarah Chen,North America,Technology,Closed Won,6,64000,2024-02-02,2023-10-09,Q4,2023,17,112,SDR,New Logo
OPP-0162,Account 0162,David Kim,North America,Technology,Stage 1 - Discovery,1,55000,2023-10-26,2023-09-16,Q3,2023,7,19,Event,Renewal
OPP-0163,Account 0163,Marcus Webb,EMEA,Financial Services,Closed Won,6,104000,2024-06-13,2024-01-24,Q1,2024,4,112,Inbound,New Logo
OPP-0164,Account 0164,Emma Rodriguez,EMEA,Technology,Closed Lost,0,134000,2024-09-14,2024-05-01,Q2,2024,27,132,Partner,New Logo
OPP-0165,Account 0165,Priya Patel,APAC,Technology,Stage 4 - Proposal,4,56000,2023-10-27,2023-09-04,Q3,2023,8,52,SDR,Expansion
OPP-0166,Account 0166,Tom Brennan,North America,Technology,Stage 4 - Proposal,4,117000,2023-05-17,2023-03-19,Q1,2023,26,48,SDR,New Logo
OPP-0167,Account 0167,Tom Brennan,North America,Technology,Closed Won,6,100000,2024-06-03,2024-01-25,Q1,2024,26,126,Outbound,New Logo
OPP-0168,Account 0168,Aisha Johnson,North America,Financial Services,Closed Won,6,81000,2023-08-15,2023-04-04,Q2,2023,34,116,Partner,New Logo
OPP-0169,Account 0169,Tom Brennan,North America,Technology,Closed Won,6,42000,2023-06-19,2023-04-02,Q2,2023,17,55,SDR,New Logo
OPP-0170,Account 0170,Yuki Tanaka,APAC,Manufacturing,Closed Won,6,43000,2024-06-04,2024-01-25,Q1,2024,6,106,Partner,New Logo
OPP-0171,Account 0171,Liam O'Brien,EMEA,Manufacturing,Stage 3 - Demo,3,27000,2023-10-07,2023-09-10,Q3,2023,23,15,SDR,Expansion
OPP-0172,Account 0172,Nina Kovacs,EMEA,Professional Services,Stage 5 - Negotiation,5,76000,2023-08-28,2023-05-20,Q2,2023,17,70,Outbound,New Logo
OPP-0173,Account 0173,Aisha Johnson,North America,Financial Services,Closed Won,6,166000,2024-06-20,2024-02-07,Q1,2024,15,104,Outbound,New Logo
OPP-0174,Account 0174,Nina Kovacs,EMEA,Professional Services,Closed Won,6,83000,2023-07-14,2023-03-12,Q1,2023,26,99,Event,Renewal
OPP-0175,Account 0175,Priya Patel,APAC,Technology,Closed Won,6,41000,2024-07-02,2024-05-05,Q2,2024,17,55,Event,Expansion
OPP-0176,Account 0176,Liam O'Brien,EMEA,Manufacturing,Closed Lost,0,32000,2023-06-13,2023-02-15,Q1,2023,35,102,Event,Expansion
OPP-0177,Account 0177,Miguel Ferreira,LATAM,Technology,Closed Won,6,75000,2023-12-20,2023-08-15,Q3,2023,7,98,SDR,New Logo
OPP-0178,Account 0178,James Okafor,North America,Professional Services,Closed Won,6,54000,2023-08-21,2023-05-26,Q2,2023,21,85,Outbound,New Logo
OPP-0179,Account 0179,Marcus Webb,EMEA,Technology,Closed Lost,0,93000,2023-07-14,2023-01-24,Q1,2023,29,154,Outbound,Renewal
OPP-0180,Account 0180,Nina Kovacs,EMEA,Professional Services,Stage 4 - Proposal,4,18000,2024-04-09,2024-02-19,Q1,2024,19,44,Event,Expansion
OPP-0181,Account 0181,Priya Patel,APAC,Technology,Stage 3 - Demo,3,54000,2023-08-27,2023-07-11,Q3,2023,9,35,Inbound,New Logo
OPP-0182,Account 0182,Liam O'Brien,EMEA,Manufacturing,Closed Lost,0,38000,2024-09-04,2024-04-13,Q2,2024,9,135,Partner,Expansion
OPP-0183,Account 0183,Ryan Nakamura,North America,Retail,Closed Won,6,46000,2023-08-17,2023-05-25,Q2,2023,12,67,Outbound,New Logo
OPP-0184,Account 0184,Raj Krishnan,APAC,Healthcare,Closed Lost,0,69000,2023-09-30,2023-07-11,Q3,2023,33,61,Inbound,New Logo
OPP-0185,Account 0185,Tom Brennan,North America,Technology,Stage 2 - Qualified,2,36000,2024-03-29,2024-03-01,Q1,2024,12,19,Outbound,Expansion
OPP-0186,Account 0186,Nina Kovacs,EMEA,Professional Services,Stage 3 - Demo,3,34000,2024-06-21,2024-05-22,Q2,2024,8,17,Inbound,New Logo
OPP-0187,Account 0187,Emma Rodriguez,EMEA,Technology,Stage 5 - Negotiation,5,71000,2023-04-26,2023-02-03,Q1,2023,12,69,Inbound,New Logo
OPP-0188,Account 0188,Grace Okonkwo,EMEA,Financial Services,Stage 4 - Proposal,4,134000,2023-10-07,2023-07-31,Q3,2023,34,38,SDR,Renewal
OPP-0189,Account 0189,James Okafor,North America,Manufacturing,Closed Won,6,88000,2024-06-15,2024-02-26,Q1,2024,11,95,Outbound,Renewal
OPP-0190,Account 0190,Yuki Tanaka,APAC,Manufacturing,Stage 5 - Negotiation,5,28000,2024-05-18,2024-02-29,Q1,2024,2,61,Inbound,New Logo
OPP-0191,Account 0191,Priya Patel,APAC,Manufacturing,Stage 3 - Demo,3,75000,2024-02-20,2024-01-02,Q1,2024,10,32,Event,Renewal
OPP-0192,Account 0192,Yuki Tanaka,APAC,Healthcare,Stage 1 - Discovery,1,86000,2023-03-23,2023-02-19,Q1,2023,10,10,Event,New Logo
OPP-0193,Account 0193,Carlos Mendoza,North America,Healthcare,Stage 4 - Proposal,4,61000,2023-12-20,2023-10-08,Q4,2023,7,60,Inbound,New Logo
OPP-0194,Account 0194,James Okafor,North America,Manufacturing,Closed Won,6,67000,2024-07-18,2024-05-03,Q2,2024,6,61,SDR,New Logo
OPP-0195,Account 0195,Emma Rodriguez,EMEA,Technology,Stage 2 - Qualified,2,73000,2023-05-15,2023-04-15,Q2,2023,12,30,Partner,New Logo
OPP-0196,Account 0196,Nina Kovacs,EMEA,Professional Services,Closed Won,6,17000,2023-10-24,2023-08-07,Q3,2023,26,60,Event,Expansion
OPP-0197,Account 0197,Liam O'Brien,EMEA,Healthcare,Closed Won,6,87000,2023-08-19,2023-05-24,Q2,2023,34,71,Outbound,New Logo
OPP-0198,Account 0198,David Kim,North America,Healthcare,Closed Won,6,45000,2023-06-25,2023-02-25,Q1,2023,22,91,Outbound,Expansion
OPP-0199,Account 0199,Lisa Torres,EMEA,Healthcare,Closed Lost,0,91000,2024-08-12,2024-03-06,Q1,2024,5,158,Event,New Logo
OPP-0200,Account 0200,Fatima Al-Hassan,APAC,Retail,Stage 2 - Qualified,2,20000,2024-07-14,2024-05-28,Q2,2024,15,18,Event,Expansion
OPP-0201,Account 0201,Lisa Torres,EMEA,Healthcare,Stage 4 - Proposal,4,44000,2024-03-15,2024-02-05,Q1,2024,5,25,Inbound,Expansion
OPP-0202,Account 0202,Carlos Mendoza,North America,Healthcare,Stage 2 - Qualified,2,93000,2023-08-06,2023-06-29,Q2,2023,9,15,Inbound,New Logo
OPP-0203,Account 0203,Sarah Chen,North America,Technology,Closed Won,6,39000,2024-07-15,2024-03-15,Q1,2024,25,117,SDR,New Logo
OPP-0204,Account 0204,Ryan Nakamura,North America,Retail,Stage 3 - Demo,3,56000,2023-05-12,2023-04-16,Q2,2023,26,15,Inbound,Renewal
OPP-0205,Account 0205,Lisa Torres,EMEA,Healthcare,Stage 3 - Demo,3,50000,2023-03-24,2023-02-06,Q1,2023,9,35,Event,Expansion
OPP-0206,Account 0206,Chloe Dupont,EMEA,Retail,Closed Lost,0,70000,2023-05-16,2023-02-23,Q1,2023,2,68,Inbound,New Logo
OPP-0207,Account 0207,Liam O'Brien,EMEA,Manufacturing,Closed Won,6,18000,2024-01-21,2023-11-08,Q4,2023,28,45,Partner,Expansion
OPP-0208,Account 0208,Sarah Chen,North America,Technology,Closed Lost,0,49000,2024-02-26,2023-12-21,Q4,2023,28,60,Inbound,Expansion
OPP-0209,Account 0209,Raj Krishnan,APAC,Financial Services,Stage 5 - Negotiation,5,165000,2023-11-23,2023-10-14,Q4,2023,27,36,SDR,New Logo
OPP-0210,Account 0210,Priya Patel,APAC,Technology,Stage 3 - Demo,3,139000,2023-04-24,2023-03-05,Q1,2023,30,40,Outbound,New Logo
OPP-0211,Account 0211,Wei Zhang,APAC,Financial Services,Stage 2 - Qualified,2,144000,2023-08-31,2023-07-27,Q3,2023,15,24,Inbound,New Logo
OPP-0212,Account 0212,Nina Kovacs,EMEA,Professional Services,Closed Won,6,29000,2024-01-13,2023-09-29,Q3,2023,24,76,Partner,Renewal
OPP-0213,Account 0213,Fatima Al-Hassan,APAC,Retail,Closed Lost,0,82000,2024-04-23,2023-11-03,Q4,2023,10,169,Inbound,New Logo
OPP-0214,Account 0214,James Okafor,North America,Manufacturing,Closed Won,6,85000,2023-10-14,2023-08-16,Q3,2023,30,53,Partner,New Logo
OPP-0215,Account 0215,Lisa Torres,EMEA,Healthcare,Stage 2 - Qualified,2,115000,2024-01-29,2023-12-06,Q4,2023,29,33,Inbound,New Logo
OPP-0216,Account 0216,Ryan Nakamura,North America,Retail,Stage 1 - Discovery,1,47000,2023-08-07,2023-07-11,Q3,2023,5,12,Outbound,New Logo
OPP-0217,Account 0217,Priya Patel,APAC,Technology,Stage 3 - Demo,3,103000,2023-07-08,2023-05-21,Q2,2023,34,37,SDR,New Logo
OPP-0218,Account 0218,Aisha Johnson,North America,Financial Services,Closed Lost,0,121000,2023-12-17,2023-07-04,Q3,2023,12,159,Inbound,New Logo
OPP-0219,Account 0219,James Okafor,North America,Manufacturing,Closed Won,6,84000,2024-01-12,2023-09-04,Q3,2023,24,120,Inbound,New Logo
OPP-0220,Account 0220,Yuki Tanaka,APAC,Manufacturing,Closed Lost,0,59000,2024-06-13,2023-12-27,Q4,2023,5,167,SDR,Renewal
OPP-0221,Account 0221,Emma Rodriguez,EMEA,Technology,Stage 3 - Demo,3,32000,2023-02-20,2023-01-21,Q1,2023,11,26,SDR,New Logo
OPP-0222,Account 0222,James Okafor,North America,Healthcare,Closed Won,6,115000,2023-07-19,2023-03-16,Q1,2023,33,100,Event,New Logo
OPP-0223,Account 0223,Aisha Johnson,North America,Financial Services,Stage 4 - Proposal,4,120000,2024-02-02,2024-01-01,Q1,2024,4,20,Outbound,New Logo
OPP-0224,Account 0224,Ryan Nakamura,North America,Retail,Stage 2 - Qualified,2,12000,2023-09-29,2023-08-15,Q3,2023,7,17,Event,Expansion
OPP-0225,Account 0225,Aisha Johnson,North America,Financial Services,Stage 3 - Demo,3,134000,2023-11-12,2023-09-29,Q3,2023,28,39,Partner,New Logo
OPP-0226,Account 0226,Raj Krishnan,APAC,Healthcare,Closed Won,6,72000,2024-04-11,2024-01-20,Q1,2024,22,82,SDR,New Logo
OPP-0227,Account 0227,Wei Zhang,APAC,Technology,Closed Won,6,73000,2024-04-25,2023-12-17,Q4,2023,12,100,Inbound,New Logo
OPP-0228,Account 0228,Grace Okonkwo,EMEA,Financial Services,Stage 5 - Negotiation,5,67000,2023-04-11,2023-02-24,Q1,2023,27,45,Outbound,New Logo
OPP-0229,Account 0229,Yuki Tanaka,APAC,Manufacturing,Stage 2 - Qualified,2,50000,2024-06-22,2024-05-17,Q2,2024,20,16,Event,New Logo
OPP-0230,Account 0230,Priya Patel,APAC,Technology,Closed Lost,0,76000,2023-08-28,2023-04-29,Q2,2023,26,93,Event,New Logo
OPP-0231,Account 0231,Liam O'Brien,EMEA,Manufacturing,Closed Lost,0,58000,2023-07-22,2023-02-15,Q1,2023,28,132,Outbound,New Logo
OPP-0232,Account 0232,Yuki Tanaka,APAC,Manufacturing,Closed Lost,0,76000,2023-08-10,2023-03-04,Q1,2023,4,147,Event,Renewal
OPP-0233,Account 0233,Chloe Dupont,EMEA,Retail,Stage 2 - Qualified,2,56000,2024-06-29,2024-06-13,Q2,2024,29,15,SDR,Renewal
OPP-0234,Account 0234,Priya Patel,APAC,Manufacturing,Stage 3 - Demo,3,63000,2023-09-13,2023-07-26,Q3,2023,19,39,SDR,Renewal
OPP-0235,Account 0235,Chloe Dupont,EMEA,Retail,Closed Won,6,26000,2023-06-05,2023-01-13,Q1,2023,8,119,SDR,Expansion
OPP-0236,Account 0236,James Okafor,North America,Manufacturing,Closed Lost,0,39000,2023-07-17,2023-04-14,Q2,2023,13,93,Partner,Expansion
OPP-0237,Account 0237,Wei Zhang,APAC,Financial Services,Closed Won,6,160000,2024-05-18,2024-02-16,Q1,2024,19,83,Partner,New Logo
OPP-0238,Account 0238,Raj Krishnan,APAC,Professional Services,Closed Lost,0,39000,2023-08-11,2023-04-11,Q2,2023,30,116,Partner,Renewal
OPP-0239,Account 0239,David Kim,North America,Manufacturing,Closed Won,6,39000,2024-09-28,2024-05-11,Q2,2024,3,112,Inbound,Expansion
OPP-0240,Account 0240,Ryan Nakamura,North America,Retail,Stage 1 - Discovery,1,31000,2023-08-25,2023-07-25,Q3,2023,9,11,Event,Renewal
OPP-0241,Account 0241,Sarah Chen,North America,Technology,Closed Won,6,23000,2024-08-04,2024-05-15,Q2,2024,26,81,Event,Expansion
OPP-0242,Account 0242,Marcus Webb,EMEA,Financial Services,Stage 3 - Demo,3,115000,2023-08-28,2023-08-08,Q3,2023,2,15,Outbound,Renewal
OPP-0243,Account 0243,Emma Rodriguez,EMEA,Technology,Stage 5 - Negotiation,5,49000,2024-01-28,2023-11-09,Q4,2023,35,59,Partner,Expansion
OPP-0244,Account 0244,Grace Okonkwo,EMEA,Financial Services,Closed Won,6,175000,2023-07-20,2023-04-15,Q2,2023,22,88,Partner,New Logo
OPP-0245,Account 0245,Wei Zhang,APAC,Financial Services,Closed Lost,0,110000,2024-05-03,2023-11-02,Q4,2023,33,163,Outbound,New Logo
OPP-0246,Account 0246,Carlos Mendoza,North America,Healthcare,Closed Won,6,96000,2024-08-02,2024-03-04,Q1,2024,32,126,SDR,New Logo
OPP-0247,Account 0247,Liam O'Brien,EMEA,Manufacturing,Stage 3 - Demo,3,80000,2023-08-24,2023-06-24,Q2,2023,23,31,Outbound,Renewal
OPP-0248,Account 0248,Priya Patel,APAC,Technology,Stage 4 - Proposal,4,29000,2023-10-24,2023-08-17,Q3,2023,6,50,Partner,Expansion
OPP-0249,Account 0249,Raj Krishnan,APAC,Retail,Stage 5 - Negotiation,5,39000,2023-07-26,2023-05-03,Q2,2023,31,56,Partner,Renewal
OPP-0250,Account 0250,Lisa Torres,EMEA,Healthcare,Stage 4 - Proposal,4,32000,2023-08-24,2023-07-04,Q3,2023,12,33,Outbound,Expansion
OPP-0251,Account 0251,Raj Krishnan,APAC,Technology,Stage 5 - Negotiation,5,46000,2023-07-24,2023-05-13,Q2,2023,2,42,Event,Expansion
OPP-0252,Account 0252,Aisha Johnson,North America,Retail,Stage 3 - Demo,3,19000,2023-08-25,2023-07-15,Q3,2023,21,23,Outbound,New Logo
OPP-0253,Account 0253,Ryan Nakamura,North America,Retail,Closed Won,6,37000,2023-06-10,2023-02-16,Q1,2023,14,90,SDR,New Logo
OPP-0254,Account 0254,Ryan Nakamura,North America,Manufacturing,Stage 3 - Demo,3,78000,2023-03-11,2023-01-20,Q1,2023,18,38,Outbound,New Logo
OPP-0255,Account 0255,Miguel Ferreira,LATAM,Technology,Stage 1 - Discovery,1,47000,2023-03-24,2023-02-19,Q1,2023,11,18,Inbound,Expansion
OPP-0256,Account 0256,David Kim,North America,Technology,Stage 3 - Demo,3,105000,2023-02-03,2023-01-10,Q1,2023,20,21,SDR,New Logo
OPP-0257,Account 0257,James Okafor,North America,Manufacturing,Closed Lost,0,36000,2023-12-04,2023-07-23,Q3,2023,15,105,SDR,Expansion
OPP-0258,Account 0258,Raj Krishnan,APAC,Healthcare,Closed Lost,0,35000,2023-06-25,2023-01-03,Q1,2023,18,145,Inbound,New Logo
OPP-0259,Account 0259,Emma Rodriguez,EMEA,Technology,Closed Lost,0,38000,2024-04-20,2023-10-31,Q4,2023,4,169,Outbound,New Logo
OPP-0260,Account 0260,Sarah Chen,North America,Professional Services,Stage 3 - Demo,3,101000,2023-08-11,2023-06-24,Q2,2023,31,36,SDR,New Logo
OPP-0261,Account 0261,Wei Zhang,APAC,Professional Services,Stage 2 - Qualified,2,36000,2024-06-13,2024-05-04,Q2,2024,30,15,Outbound,Expansion
OPP-0262,Account 0262,Ryan Nakamura,North America,Retail,Closed Won,6,33000,2024-04-10,2024-01-03,Q1,2024,22,78,Outbound,Expansion
OPP-0263,Account 0263,Sarah Chen,North America,Professional Services,Stage 3 - Demo,3,33000,2024-08-11,2024-06-21,Q2,2024,29,48,SDR,Expansion
OPP-0264,Account 0264,Emma Rodriguez,EMEA,Technology,Stage 1 - Discovery,1,123000,2024-03-04,2024-01-30,Q1,2024,33,10,SDR,New Logo
OPP-0265,Account 0265,Aisha Johnson,North America,Financial Services,Stage 5 - Negotiation,5,70000,2024-01-05,2023-10-12,Q4,2023,33,58,Event,New Logo
OPP-0266,Account 0266,Nina Kovacs,EMEA,Professional Services,Stage 5 - Negotiation,5,12000,2024-08-17,2024-05-24,Q2,2024,31,65,Event,Expansion
OPP-0267,Account 0267,Aisha Johnson,North America,Financial Services,Closed Won,6,139000,2023-04-28,2023-02-25,Q1,2023,16,59,Partner,Renewal
OPP-0268,Account 0268,Sarah Chen,North America,Technology,Stage 1 - Discovery,1,73000,2023-11-21,2023-10-26,Q4,2023,14,20,Inbound,New Logo
OPP-0269,Account 0269,James Okafor,North America,Manufacturing,Stage 2 - Qualified,2,82000,2023-09-26,2023-08-09,Q3,2023,34,30,Partner,New Logo
OPP-0270,Account 0270,Lisa Torres,EMEA,Technology,Closed Lost,0,42000,2024-11-16,2024-06-27,Q2,2024,22,121,Event,Expansion
OPP-0271,Account 0271,Chloe Dupont,EMEA,Manufacturing,Stage 5 - Negotiation,5,96000,2023-12-22,2023-09-12,Q3,2023,22,74,Partner,New Logo
OPP-0272,Account 0272,Miguel Ferreira,LATAM,Technology,Closed Lost,0,111000,2023-10-31,2023-07-25,Q3,2023,9,76,Partner,New Logo
OPP-0273,Account 0273,Liam O'Brien,EMEA,Manufacturing,Stage 3 - Demo,3,40000,2024-03-30,2024-03-03,Q1,2024,11,15,SDR,Expansion
OPP-0274,Account 0274,Marcus Webb,EMEA,Financial Services,Closed Won,6,146000,2023-11-16,2023-07-24,Q3,2023,24,114,Partner,New Logo
OPP-0275,Account 0275,Nina Kovacs,EMEA,Professional Services,Closed Won,6,32000,2023-12-24,2023-08-18,Q3,2023,22,98,Outbound,Expansion
OPP-0276,Account 0276,Miguel Ferreira,LATAM,Technology,Closed Won,6,128000,2023-12-02,2023-09-15,Q3,2023,30,69,Event,New Logo
OPP-0277,Account 0277,Ryan Nakamura,North America,Technology,Stage 4 - Proposal,4,102000,2023-09-04,2023-07-11,Q3,2023,18,28,Inbound,Renewal
OPP-0278,Account 0278,Sarah Chen,North America,Technology,Stage 1 - Discovery,1,135000,2023-07-08,2023-06-08,Q2,2023,16,14,SDR,New Logo
OPP-0279,Account 0279,Ryan Nakamura,North America,Retail,Stage 2 - Qualified,2,54000,2024-07-08,2024-06-01,Q2,2024,35,31,Event,New Logo
OPP-0280,Account 0280,Raj Krishnan,APAC,Professional Services,Closed Lost,0,54000,2023-06-09,2023-01-10,Q1,2023,18,138,Outbound,New Logo
OPP-0281,Account 0281,Miguel Ferreira,LATAM,Technology,Stage 5 - Negotiation,5,66000,2024-09-13,2024-06-13,Q2,2024,8,62,SDR,Renewal
OPP-0282,Account 0282,Ryan Nakamura,North America,Retail,Closed Lost,0,23000,2024-11-11,2024-06-30,Q2,2024,6,114,Outbound,New Logo
OPP-0283,Account 0283,Lisa Torres,EMEA,Healthcare,Closed Won,6,34000,2024-03-23,2023-12-06,Q4,2023,27,94,Outbound,New Logo
OPP-0284,Account 0284,Tom Brennan,North America,Technology,Stage 1 - Discovery,1,41000,2024-02-18,2024-02-03,Q1,2024,21,6,SDR,Expansion
OPP-0285,Account 0285,Grace Okonkwo,EMEA,Financial Services,Stage 5 - Negotiation,5,151000,2024-05-15,2024-03-24,Q1,2024,21,48,Inbound,New Logo
OPP-0286,Account 0286,Liam O'Brien,EMEA,Technology,Stage 4 - Proposal,4,33000,2023-08-03,2023-05-25,Q2,2023,34,42,SDR,New Logo
OPP-0287,Account 0287,Lisa Torres,EMEA,Healthcare,Stage 3 - Demo,3,23000,2023-10-06,2023-08-15,Q3,2023,20,50,Inbound,Expansion
OPP-0288,Account 0288,Priya Patel,APAC,Technology,Stage 4 - Proposal,4,38000,2023-09-29,2023-07-22,Q3,2023,33,59,Partner,Expansion
OPP-0289,Account 0289,Nina Kovacs,EMEA,Professional Services,Stage 4 - Proposal,4,17000,2024-01-11,2023-11-10,Q4,2023,29,40,SDR,Expansion
OPP-0290,Account 0290,Wei Zhang,APAC,Financial Services,Closed Won,6,92000,2024-04-03,2023-12-06,Q4,2023,18,113,Partner,Renewal
OPP-0291,Account 0291,Priya Patel,APAC,Technology,Stage 5 - Negotiation,5,55000,2024-08-21,2024-06-03,Q2,2024,11,64,SDR,Expansion
OPP-0292,Account 0292,Liam O'Brien,EMEA,Manufacturing,Stage 4 - Proposal,4,60000,2024-01-16,2023-10-25,Q4,2023,34,59,Inbound,New Logo
OPP-0293,Account 0293,Lisa Torres,EMEA,Healthcare,Closed Won,6,36000,2023-09-02,2023-07-03,Q3,2023,25,53,Outbound,Expansion
OPP-0294,Account 0294,Emma Rodriguez,EMEA,Technology,Stage 5 - Negotiation,5,119000,2023-11-03,2023-07-31,Q3,2023,19,75,Event,New Logo
OPP-0295,Account 0295,Wei Zhang,APAC,Financial Services,Closed Won,6,91000,2023-10-29,2023-06-28,Q2,2023,24,111,SDR,New Logo
OPP-0296,Account 0296,Liam O'Brien,EMEA,Manufacturing,Stage 5 - Negotiation,5,20000,2024-06-21,2024-05-08,Q2,2024,25,39,Outbound,Renewal
OPP-0297,Account 0297,Grace Okonkwo,EMEA,Technology,Closed Won,6,68000,2023-10-17,2023-08-24,Q3,2023,4,47,Inbound,New Logo
OPP-0298,Account 0298,Lisa Torres,EMEA,Healthcare,Stage 2 - Qualified,2,75000,2023-07-19,2023-06-14,Q2,2023,3,15,SDR,New Logo
OPP-0299,Account 0299,Carlos Mendoza,North America,Financial Services,Stage 2 - Qualified,2,46000,2024-05-22,2024-04-04,Q2,2024,34,29,Event,Expansion
OPP-0300,Account 0300,Wei Zhang,APAC,Financial Services,Stage 3 - Demo,3,109000,2024-01-23,2023-12-17,Q4,2023,28,16,Inbound,Renewal
OPP-0301,Account 0301,Lisa Torres,EMEA,Healthcare,Closed Lost,0,84000,2023-11-23,2023-07-01,Q3,2023,2,128,Inbound,New Logo
OPP-0302,Account 0302,Tom Brennan,North America,Technology,Stage 3 - Demo,3,98000,2024-02-26,2024-01-15,Q1,2024,29,39,Event,Renewal
OPP-0303,Account 0303,Lisa Torres,EMEA,Healthcare,Closed Lost,0,31000,2024-01-04,2023-08-27,Q3,2023,35,112,SDR,Renewal
OPP-0304,Account 0304,James Okafor,North America,Manufacturing,Stage 5 - Negotiation,5,33000,2024-04-11,2024-01-20,Q1,2024,25,64,Partner,Expansion
OPP-0305,Account 0305,Grace Okonkwo,EMEA,Financial Services,Closed Won,6,43000,2024-06-08,2024-02-11,Q1,2024,10,95,SDR,Expansion
OPP-0306,Account 0306,James Okafor,North America,Manufacturing,Closed Won,6,61000,2023-09-05,2023-06-15,Q2,2023,11,56,Partner,New Logo
OPP-0307,Account 0307,Raj Krishnan,APAC,Manufacturing,Closed Won,6,39000,2023-08-01,2023-04-01,Q2,2023,13,121,Inbound,New Logo
OPP-0308,Account 0308,Raj Krishnan,APAC,Healthcare,Stage 3 - Demo,3,103000,2023-08-27,2023-07-26,Q3,2023,2,25,SDR,Renewal
OPP-0309,Account 0309,Ryan Nakamura,North America,Retail,Stage 5 - Negotiation,5,18000,2024-01-06,2023-10-10,Q4,2023,24,65,Event,Expansion
OPP-0310,Account 0310,Liam O'Brien,EMEA,Healthcare,Closed Won,6,20000,2023-10-29,2023-08-20,Q3,2023,20,54,Event,Expansion
OPP-0311,Account 0311,Aisha Johnson,North America,Retail,Stage 3 - Demo,3,64000,2023-12-05,2023-09-21,Q3,2023,31,45,SDR,Renewal
OPP-0312,Account 0312,Nina Kovacs,EMEA,Technology,Closed Won,6,39000,2024-07-15,2024-05-08,Q2,2024,18,46,Outbound,New Logo
OPP-0313,Account 0313,Emma Rodriguez,EMEA,Technology,Closed Won,6,55000,2024-05-07,2024-02-13,Q1,2024,14,79,Inbound,Expansion
OPP-0314,Account 0314,Raj Krishnan,APAC,Financial Services,Closed Lost,0,61000,2024-03-05,2023-09-05,Q3,2023,2,167,Outbound,Renewal
OPP-0315,Account 0315,Miguel Ferreira,LATAM,Manufacturing,Closed Lost,0,27000,2024-06-10,2024-01-16,Q1,2024,10,122,SDR,Expansion
OPP-0316,Account 0316,Marcus Webb,EMEA,Financial Services,Stage 4 - Proposal,4,113000,2024-05-22,2024-03-09,Q1,2024,2,64,SDR,New Logo
OPP-0317,Account 0317,Sarah Chen,North America,Technology,Closed Lost,0,30000,2024-04-27,2024-01-24,Q1,2024,13,83,SDR,Expansion
OPP-0318,Account 0318,Raj Krishnan,APAC,Healthcare,Stage 3 - Demo,3,28000,2024-04-28,2024-03-05,Q1,2024,17,29,Event,Expansion
OPP-0319,Account 0319,Miguel Ferreira,LATAM,Technology,Stage 5 - Negotiation,5,120000,2024-04-22,2024-01-26,Q1,2024,22,70,Outbound,New Logo
OPP-0320,Account 0320,Raj Krishnan,APAC,Healthcare,Stage 3 - Demo,3,92000,2023-03-19,2023-02-18,Q1,2023,25,21,Inbound,New Logo
OPP-0321,Account 0321,Liam O'Brien,EMEA,Manufacturing,Closed Lost,0,53000,2024-02-16,2023-09-21,Q3,2023,22,137,Partner,New Logo
OPP-0322,Account 0322,Chloe Dupont,EMEA,Retail,Stage 5 - Negotiation,5,39000,2024-06-29,2024-04-02,Q2,2024,27,70,Partner,Renewal
OPP-0323,Account 0323,Priya Patel,APAC,Technology,Closed Won,6,67000,2024-05-02,2023-12-18,Q4,2023,30,120,Partner,New Logo
OPP-0324,Account 0324,Tom Brennan,North America,Technology,Closed Lost,0,58000,2023-06-24,2023-01-24,Q1,2023,32,149,Partner,New Logo
OPP-0325,Account 0325,Miguel Ferreira,LATAM,Technology,Stage 3 - Demo,3,142000,2024-04-13,2024-02-11,Q1,2024,20,39,Inbound,New Logo
OPP-0326,Account 0326,Nina Kovacs,EMEA,Professional Services,Closed Won,6,39000,2023-09-21,2023-05-15,Q2,2023,10,115,Inbound,New Logo
OPP-0327,Account 0327,Miguel Ferreira,LATAM,Technology,Stage 5 - Negotiation,5,46000,2024-06-09,2024-04-12,Q2,2024,21,44,SDR,Expansion
OPP-0328,Account 0328,Liam O'Brien,EMEA,Manufacturing,Stage 4 - Proposal,4,22000,2023-08-22,2023-06-09,Q2,2023,29,50,Outbound,New Logo
OPP-0329,Account 0329,Carlos Mendoza,North America,Healthcare,Stage 5 - Negotiation,5,45000,2023-02-23,2023-01-08,Q1,2023,29,44,SDR,New Logo
OPP-0330,Account 0330,Emma Rodriguez,EMEA,Technology,Stage 5 - Negotiation,5,114000,2023-11-26,2023-10-06,Q4,2023,30,37,Partner,New Logo
OPP-0331,Account 0331,Wei Zhang,APAC,Manufacturing,Stage 1 - Discovery,1,34000,2023-08-02,2023-07-12,Q3,2023,7,14,SDR,New Logo
OPP-0332,Account 0332,Lisa Torres,EMEA,Healthcare,Closed Lost,0,56000,2024-01-01,2023-08-11,Q3,2023,27,119,Event,New Logo
OPP-0333,Account 0333,Priya Patel,APAC,Technology,Closed Won,6,125000,2023-08-29,2023-07-05,Q3,2023,31,49,Event,New Logo
OPP-0334,Account 0334,James Okafor,North America,Manufacturing,Closed Lost,0,74000,2023-11-05,2023-08-02,Q3,2023,21,80,Partner,New Logo
OPP-0335,Account 0335,David Kim,North America,Technology,Stage 3 - Demo,3,50000,2023-04-01,2023-02-23,Q1,2023,17,25,Inbound,Renewal
OPP-0336,Account 0336,Sarah Chen,North America,Retail,Stage 3 - Demo,3,13000,2024-06-17,2024-05-01,Q2,2024,11,36,Inbound,Expansion
OPP-0337,Account 0337,Miguel Ferreira,LATAM,Financial Services,Closed Won,6,173000,2024-07-23,2024-05-14,Q2,2024,4,62,Partner,New Logo
OPP-0338,Account 0338,Raj Krishnan,APAC,Retail,Stage 3 - Demo,3,50000,2023-12-17,2023-10-29,Q4,2023,6,44,SDR,New Logo
OPP-0339,Account 0339,Chloe Dupont,EMEA,Retail,Stage 1 - Discovery,1,48000,2023-12-10,2023-10-30,Q4,2023,17,17,Event,Renewal
OPP-0340,Account 0340,Aisha Johnson,North America,Professional Services,Stage 2 - Qualified,2,83000,2024-03-16,2024-02-01,Q1,2024,6,23,SDR,New Logo
OPP-0341,Account 0341,Marcus Webb,EMEA,Financial Services,Stage 3 - Demo,3,60000,2023-08-25,2023-07-02,Q3,2023,5,46,Event,Renewal
OPP-0342,Account 0342,Liam O'Brien,EMEA,Manufacturing,Closed Lost,0,92000,2023-09-22,2023-03-14,Q1,2023,25,166,Event,New Logo
OPP-0343,Account 0343,Marcus Webb,EMEA,Healthcare,Stage 1 - Discovery,1,34000,2024-07-09,2024-06-25,Q2,2024,35,8,Partner,New Logo
OPP-0344,Account 0344,Emma Rodriguez,EMEA,Technology,Closed Won,6,42000,2023-11-07,2023-07-03,Q3,2023,8,99,Inbound,Expansion
OPP-0345,Account 0345,Ryan Nakamura,North America,Retail,Closed Lost,0,61000,2024-07-05,2024-02-16,Q1,2024,29,116,SDR,New Logo
OPP-0346,Account 0346,Aisha Johnson,North America,Financial Services,Stage 4 - Proposal,4,114000,2023-08-30,2023-08-08,Q3,2023,35,22,Partner,New Logo
OPP-0347,Account 0347,Lisa Torres,EMEA,Healthcare,Stage 1 - Discovery,1,48000,2023-01-24,2023-01-07,Q1,2023,8,13,Partner,New Logo
OPP-0348,Account 0348,Marcus Webb,EMEA,Financial Services,Stage 3 - Demo,3,89000,2023-08-11,2023-06-09,Q2,2023,22,40,SDR,New Logo
OPP-0349,Account 0349,Raj Krishnan,APAC,Healthcare,Stage 4 - Proposal,4,25000,2023-06-18,2023-04-08,Q2,2023,9,42,SDR,Expansion
OPP-0350,Account 0350,Emma Rodriguez,EMEA,Retail,Stage 4 - Proposal,4,26000,2023-02-25,2023-01-12,Q1,2023,5,40,Inbound,Expansion
OPP-0351,Account 0351,Fatima Al-Hassan,APAC,Retail,Stage 2 - Qualified,2,46000,2024-06-27,2024-05-31,Q2,2024,27,25,Event,New Logo
OPP-0352,Account 0352,Chloe Dupont,EMEA,Retail,Closed Won,6,22000,2023-07-15,2023-05-14,Q2,2023,29,54,Outbound,Expansion
OPP-0353,Account 0353,Aisha Johnson,North America,Financial Services,Stage 4 - Proposal,4,96000,2023-05-30,2023-04-02,Q2,2023,30,39,Partner,New Logo
OPP-0354,Account 0354,Grace Okonkwo,EMEA,Financial Services,Stage 2 - Qualified,2,64000,2023-03-27,2023-02-15,Q1,2023,20,13,Partner,Renewal
OPP-0355,Account 0355,Sarah Chen,North America,Technology,Stage 3 - Demo,3,84000,2023-06-29,2023-04-24,Q2,2023,32,49,Partner,New Logo
OPP-0356,Account 0356,Grace Okonkwo,EMEA,Financial Services,Stage 1 - Discovery,1,163000,2023-01-26,2023-01-19,Q1,2023,31,6,SDR,New Logo
OPP-0357,Account 0357,Sarah Chen,North America,Technology,Closed Lost,0,60000,2023-12-28,2023-10-05,Q4,2023,8,62,Partner,Expansion
OPP-0358,Account 0358,Aisha Johnson,North America,Financial Services,Closed Won,6,67000,2024-10-08,2024-06-28,Q2,2024,27,87,Event,New Logo
OPP-0359,Account 0359,Ryan Nakamura,North America,Retail,Stage 3 - Demo,3,38000,2024-01-16,2023-12-27,Q4,2023,23,16,SDR,New Logo
OPP-0360,Account 0360,Fatima Al-Hassan,APAC,Retail,Closed Lost,0,23000,2023-09-03,2023-03-31,Q1,2023,23,147,SDR,Expansion
OPP-0361,Account 0361,Nina Kovacs,EMEA,Professional Services,Closed Lost,0,33000,2023-11-17,2023-07-31,Q3,2023,6,99,Outbound,Expansion
OPP-0362,Account 0362,Miguel Ferreira,LATAM,Technology,Closed Won,6,125000,2023-10-04,2023-05-02,Q2,2023,19,126,Outbound,New Logo
OPP-0363,Account 0363,Lisa Torres,EMEA,Technology,Closed Won,6,116000,2023-07-13,2023-05-15,Q2,2023,7,48,SDR,New Logo
OPP-0364,Account 0364,Raj Krishnan,APAC,Healthcare,Closed Won,6,28000,2024-07-09,2024-04-25,Q2,2024,19,46,Event,Expansion
OPP-0365,Account 0365,Tom Brennan,North America,Technology,Closed Lost,0,17000,2023-12-15,2023-07-27,Q3,2023,26,122,Event,Expansion
OPP-0366,Account 0366,Aisha Johnson,North America,Financial Services,Closed Won,6,61000,2024-10-17,2024-06-21,Q2,2024,4,95,Inbound,Expansion
OPP-0367,Account 0367,Miguel Ferreira,LATAM,Technology,Closed Won,6,81000,2023-05-04,2023-02-20,Q1,2023,35,51,Partner,New Logo
OPP-0368,Account 0368,Lisa Torres,EMEA,Healthcare,Closed Won,6,74000,2024-05-30,2024-04-07,Q2,2024,31,48,Outbound,New Logo
OPP-0369,Account 0369,Yuki Tanaka,APAC,Financial Services,Closed Won,6,84000,2024-06-20,2024-04-10,Q2,2024,26,55,Outbound,New Logo
OPP-0370,Account 0370,Chloe Dupont,EMEA,Retail,Closed Lost,0,43000,2023-11-05,2023-06-13,Q2,2023,21,132,Outbound,New Logo
OPP-0371,Account 0371,Carlos Mendoza,North America,Manufacturing,Closed Lost,0,14000,2024-01-16,2023-10-23,Q4,2023,2,60,Outbound,Expansion
OPP-0372,Account 0372,Grace Okonkwo,EMEA,Financial Services,Stage 5 - Negotiation,5,47000,2023-11-05,2023-08-11,Q3,2023,15,69,Event,Expansion
OPP-0373,Account 0373,Marcus Webb,EMEA,Financial Services,Closed Won,6,20000,2023-06-09,2023-02-26,Q1,2023,12,98,Inbound,Expansion
OPP-0374,Account 0374,Carlos Mendoza,North America,Healthcare,Closed Lost,0,87000,2023-10-06,2023-07-01,Q3,2023,6,71,Partner,Renewal
OPP-0375,Account 0375,Carlos Mendoza,North America,Healthcare,Stage 5 - Negotiation,5,23000,2023-07-26,2023-05-05,Q2,2023,7,66,SDR,Expansion
OPP-0376,Account 0376,Raj Krishnan,APAC,Retail,Closed Won,6,73000,2024-03-10,2023-10-22,Q4,2023,33,125,Partner,New Logo
OPP-0377,Account 0377,Ryan Nakamura,North America,Financial Services,Stage 5 - Negotiation,5,36000,2023-12-21,2023-10-25,Q4,2023,23,56,Inbound,Renewal
OPP-0378,Account 0378,Liam O'Brien,EMEA,Manufacturing,Stage 3 - Demo,3,37000,2023-09-25,2023-08-06,Q3,2023,23,47,Partner,New Logo
OPP-0379,Account 0379,Aisha Johnson,North America,Financial Services,Closed Lost,0,59000,2023-06-04,2023-01-30,Q1,2023,31,121,Partner,Renewal
OPP-0380,Account 0380,Miguel Ferreira,LATAM,Manufacturing,Stage 3 - Demo,3,24000,2024-05-08,2024-02-28,Q1,2024,23,49,SDR,Renewal
OPP-0381,Account 0381,Liam O'Brien,EMEA,Manufacturing,Closed Won,6,24000,2023-08-27,2023-06-02,Q2,2023,21,59,Event,New Logo
OPP-0382,Account 0382,Aisha Johnson,North America,Healthcare,Stage 5 - Negotiation,5,109000,2024-04-30,2024-02-28,Q1,2024,4,37,Partner,New Logo
OPP-0383,Account 0383,David Kim,North America,Manufacturing,Stage 2 - Qualified,2,59000,2024-07-09,2024-06-02,Q2,2024,8,33,SDR,New Logo
OPP-0384,Account 0384,Chloe Dupont,EMEA,Retail,Closed Won,6,21000,2023-10-11,2023-05-16,Q2,2023,7,121,Event,New Logo
OPP-0385,Account 0385,Aisha Johnson,North America,Financial Services,Stage 1 - Discovery,1,144000,2023-03-12,2023-02-17,Q1,2023,19,14,Partner,New Logo
OPP-0386,Account 0386,Miguel Ferreira,LATAM,Technology,Stage 3 - Demo,3,28000,2024-05-23,2024-03-27,Q1,2024,11,49,Outbound,Expansion
OPP-0387,Account 0387,Carlos Mendoza,North America,Healthcare,Closed Won,6,84000,2023-09-03,2023-06-25,Q2,2023,5,58,Partner,New Logo
OPP-0388,Account 0388,Priya Patel,APAC,Technology,Closed Won,6,58000,2023-11-02,2023-07-03,Q3,2023,10,104,Event,Expansion
OPP-0389,Account 0389,Priya Patel,APAC,Professional Services,Stage 5 - Negotiation,5,51000,2024-07-10,2024-04-24,Q2,2024,23,55,Event,New Logo
OPP-0390,Account 0390,Aisha Johnson,North America,Financial Services,Stage 5 - Negotiation,5,55000,2023-04-23,2023-01-31,Q1,2023,8,66,Event,New Logo
OPP-0391,Account 0391,Fatima Al-Hassan,APAC,Technology,Closed Won,6,18000,2024-03-27,2023-11-30,Q4,2023,6,106,Partner,Expansion
OPP-0392,Account 0392,Aisha Johnson,North America,Financial Services,Closed Won,6,44000,2024-07-05,2024-03-17,Q1,2024,31,107,Partner,Expansion
OPP-0393,Account 0393,Aisha Johnson,North America,Financial Services,Closed Won,6,170000,2024-05-24,2024-03-31,Q1,2024,15,52,Inbound,New Logo
OPP-0394,Account 0394,Lisa Torres,EMEA,Professional Services,Closed Won,6,36000,2023-04-12,2023-01-01,Q1,2023,21,83,Event,Expansion
OPP-0395,Account 0395,Tom Brennan,North America,Healthcare,Stage 5 - Negotiation,5,38000,2023-05-27,2023-04-02,Q2,2023,24,33,SDR,Expansion
OPP-0396,Account 0396,James Okafor,North America,Technology,Closed Won,6,97000,2023-11-19,2023-08-29,Q3,2023,10,67,Partner,New Logo
OPP-0397,Account 0397,David Kim,North America,Technology,Stage 2 - Qualified,2,44000,2024-01-20,2024-01-04,Q1,2024,10,14,Outbound,Renewal
OPP-0398,Account 0398,Tom Brennan,North America,Professional Services,Closed Won,6,28000,2024-07-11,2024-03-11,Q1,2024,33,122,Event,Expansion
OPP-0399,Account 0399,Emma Rodriguez,EMEA,Healthcare,Closed Lost,0,73000,2024-08-05,2024-02-25,Q1,2024,7,132,Inbound,Renewal
OPP-0400,Account 0400,Lisa Torres,EMEA,Retail,Stage 2 - Qualified,2,24000,2023-11-15,2023-10-14,Q4,2023,23,31,SDR,New Logo
OPP-0401,Account 0401,Miguel Ferreira,LATAM,Manufacturing,Stage 5 - Negotiation,5,58000,2024-07-15,2024-04-09,Q2,2024,21,74,Partner,New Logo
OPP-0402,Account 0402,Yuki Tanaka,APAC,Manufacturing,Closed Won,6,29000,2024-08-18,2024-04-29,Q2,2024,19,109,Partner,Expansion
OPP-0403,Account 0403,Wei Zhang,APAC,Financial Services,Closed Won,6,74000,2024-01-26,2023-10-15,Q4,2023,17,78,Inbound,New Logo
OPP-0404,Account 0404,Raj Krishnan,APAC,Healthcare,Closed Lost,0,53000,2024-11-21,2024-06-24,Q2,2024,12,136,Inbound,Renewal
OPP-0405,Account 0405,David Kim,North America,Technology,Stage 1 - Discovery,1,61000,2024-01-13,2023-12-20,Q4,2023,26,17,Inbound,New Logo
OPP-0406,Account 0406,Fatima Al-Hassan,APAC,Retail,Closed Lost,0,47000,2023-09-26,2023-05-29,Q2,2023,24,117,Partner,New Logo
OPP-0407,Account 0407,Tom Brennan,North America,Technology,Stage 3 - Demo,3,62000,2023-11-22,2023-10-07,Q4,2023,23,30,Inbound,New Logo
OPP-0408,Account 0408,Ryan Nakamura,North America,Retail,Stage 5 - Negotiation,5,32000,2023-03-04,2023-01-11,Q1,2023,14,44,Inbound,Expansion
OPP-0409,Account 0409,Marcus Webb,EMEA,Financial Services,Closed Lost,0,120000,2023-09-05,2023-04-05,Q2,2023,13,141,Outbound,New Logo
OPP-0410,Account 0410,James Okafor,North America,Manufacturing,Closed Won,6,73000,2023-12-20,2023-09-17,Q3,2023,12,86,Inbound,New Logo
OPP-0411,Account 0411,Priya Patel,APAC,Technology,Stage 3 - Demo,3,69000,2023-05-06,2023-03-05,Q1,2023,27,43,Inbound,New Logo
OPP-0412,Account 0412,Ryan Nakamura,North America,Retail,Closed Won,6,68000,2023-06-17,2023-04-22,Q2,2023,18,54,Outbound,New Logo
OPP-0413,Account 0413,Nina Kovacs,EMEA,Professional Services,Closed Won,6,79000,2024-07-24,2024-05-24,Q2,2024,33,45,Inbound,New Logo
OPP-0414,Account 0414,Raj Krishnan,APAC,Healthcare,Stage 2 - Qualified,2,27000,2023-05-02,2023-03-13,Q1,2023,7,20,Event,New Logo
OPP-0415,Account 0415,Liam O'Brien,EMEA,Manufacturing,Closed Won,6,57000,2024-04-15,2023-12-15,Q4,2023,8,94,Partner,New Logo
OPP-0416,Account 0416,Liam O'Brien,EMEA,Manufacturing,Stage 1 - Discovery,1,14000,2024-04-25,2024-03-24,Q1,2024,21,12,Outbound,Expansion
OPP-0417,Account 0417,Raj Krishnan,APAC,Healthcare,Stage 1 - Discovery,1,26000,2024-04-27,2024-04-05,Q2,2024,31,6,Partner,Renewal
OPP-0418,Account 0418,Miguel Ferreira,LATAM,Technology,Closed Won,6,32000,2024-01-06,2023-08-27,Q3,2023,2,128,Outbound,Renewal
OPP-0419,Account 0419,Ryan Nakamura,North America,Retail,Stage 2 - Qualified,2,22000,2023-12-01,2023-11-11,Q4,2023,6,13,SDR,Renewal
OPP-0420,Account 0420,David Kim,North America,Technology,Closed Won,6,140000,2024-05-15,2024-02-16,Q1,2024,9,87,SDR,New Logo
OPP-0421,Account 0421,Wei Zhang,APAC,Financial Services,Stage 5 - Negotiation,5,90000,2024-06-02,2024-03-01,Q1,2024,12,69,Outbound,New Logo
OPP-0422,Account 0422,Sarah Chen,North America,Technology,Closed Lost,0,134000,2023-05-08,2023-01-07,Q1,2023,35,113,SDR,New Logo
OPP-0423,Account 0423,Nina Kovacs,EMEA,Professional Services,Closed Won,6,12000,2023-08-29,2023-06-28,Q2,2023,17,45,Outbound,Expansion
OPP-0424,Account 0424,David Kim,North America,Technology,Closed Won,6,90000,2024-09-19,2024-06-26,Q2,2024,32,64,SDR,Renewal
OPP-0425,Account 0425,Raj Krishnan,APAC,Healthcare,Stage 5 - Negotiation,5,61000,2023-04-24,2023-02-14,Q1,2023,3,64,Outbound,New Logo
OPP-0426,Account 0426,Raj Krishnan,APAC,Healthcare,Closed Won,6,85000,2023-05-22,2023-03-14,Q1,2023,16,59,SDR,Renewal
OPP-0427,Account 0427,James Okafor,North America,Manufacturing,Stage 1 - Discovery,1,46000,2024-04-01,2024-02-27,Q1,2024,13,20,Outbound,Renewal
OPP-0428,Account 0428,Fatima Al-Hassan,APAC,Retail,Stage 3 - Demo,3,26000,2024-05-28,2024-04-13,Q2,2024,31,18,Partner,Expansion
OPP-0429,Account 0429,Nina Kovacs,EMEA,Professional Services,Closed Won,6,50000,2024-04-20,2023-12-18,Q4,2023,35,97,Outbound,New Logo
OPP-0430,Account 0430,Raj Krishnan,APAC,Financial Services,Closed Won,6,70000,2024-09-26,2024-04-29,Q2,2024,11,120,Event,Renewal
OPP-0431,Account 0431,Yuki Tanaka,APAC,Manufacturing,Stage 1 - Discovery,1,58000,2023-03-06,2023-02-15,Q1,2023,2,17,SDR,New Logo
OPP-0432,Account 0432,Tom Brennan,North America,Financial Services,Stage 1 - Discovery,1,128000,2024-01-17,2024-01-03,Q1,2024,31,14,Inbound,New Logo
OPP-0433,Account 0433,Nina Kovacs,EMEA,Professional Services,Closed Won,6,99000,2024-05-25,2024-02-20,Q1,2024,19,82,Event,New Logo
OPP-0434,Account 0434,Grace Okonkwo,EMEA,Financial Services,Closed Won,6,22000,2023-12-02,2023-08-01,Q3,2023,4,104,Partner,Expansion
OPP-0435,Account 0435,Liam O'Brien,EMEA,Manufacturing,Closed Lost,0,36000,2023-07-02,2023-03-10,Q1,2023,16,90,Outbound,Expansion
OPP-0436,Account 0436,Aisha Johnson,North America,Financial Services,Stage 1 - Discovery,1,97000,2023-11-11,2023-10-01,Q4,2023,20,19,Inbound,New Logo
OPP-0437,Account 0437,Nina Kovacs,EMEA,Professional Services,Stage 2 - Qualified,2,100000,2023-03-31,2023-03-09,Q1,2023,11,19,Inbound,New Logo
OPP-0438,Account 0438,Raj Krishnan,APAC,Healthcare,Stage 5 - Negotiation,5,86000,2023-09-25,2023-07-29,Q3,2023,20,58,Partner,New Logo
OPP-0439,Account 0439,David Kim,North America,Technology,Stage 5 - Negotiation,5,80000,2023-11-01,2023-08-26,Q3,2023,10,58,Partner,Renewal
OPP-0440,Account 0440,Carlos Mendoza,North America,Healthcare,Closed Won,6,62000,2024-02-24,2023-09-24,Q3,2023,12,124,Partner,New Logo
OPP-0441,Account 0441,Miguel Ferreira,LATAM,Technology,Stage 2 - Qualified,2,98000,2023-07-24,2023-06-29,Q2,2023,15,20,Outbound,Renewal
OPP-0442,Account 0442,Miguel Ferreira,LATAM,Professional Services,Closed Won,6,33000,2024-02-22,2023-11-21,Q4,2023,31,63,Event,Renewal
OPP-0443,Account 0443,Aisha Johnson,North America,Financial Services,Closed Lost,0,135000,2024-12-23,2024-06-03,Q2,2024,32,180,Event,New Logo
OPP-0444,Account 0444,Marcus Webb,EMEA,Financial Services,Stage 5 - Negotiation,5,94000,2023-07-27,2023-04-30,Q2,2023,19,63,Outbound,New Logo
OPP-0445,Account 0445,David Kim,North America,Technology,Stage 4 - Proposal,4,62000,2024-05-06,2024-04-01,Q2,2024,11,23,SDR,Expansion
OPP-0446,Account 0446,Tom Brennan,North America,Technology,Closed Lost,0,70000,2024-07-11,2024-01-17,Q1,2024,29,171,Partner,New Logo
OPP-0447,Account 0447,Tom Brennan,North America,Technology,Closed Lost,0,66000,2023-06-19,2023-03-30,Q1,2023,13,68,SDR,New Logo
OPP-0448,Account 0448,Miguel Ferreira,LATAM,Technology,Closed Won,6,124000,2023-09-09,2023-05-21,Q2,2023,3,104,Partner,New Logo
OPP-0449,Account 0449,Sarah Chen,North America,Technology,Stage 2 - Qualified,2,112000,2023-12-04,2023-11-04,Q4,2023,3,23,Event,Renewal
OPP-0450,Account 0450,James Okafor,North America,Manufacturing,Closed Won,6,22000,2023-06-26,2023-03-10,Q1,2023,3,92,Event,Expansion
OPP-0451,Account 0451,Wei Zhang,APAC,Financial Services,Stage 4 - Proposal,4,102000,2023-05-09,2023-03-01,Q1,2023,20,60,Outbound,New Logo
OPP-0452,Account 0452,Chloe Dupont,EMEA,Retail,Closed Won,6,68000,2023-06-19,2023-03-20,Q1,2023,25,83,Outbound,New Logo
OPP-0453,Account 0453,James Okafor,North America,Manufacturing,Stage 3 - Demo,3,21000,2024-02-05,2023-12-27,Q4,2023,34,36,SDR,Renewal
OPP-0454,Account 0454,Emma Rodriguez,EMEA,Retail,Stage 5 - Negotiation,5,58000,2024-08-30,2024-06-22,Q2,2024,25,60,Inbound,Renewal
OPP-0455,Account 0455,Lisa Torres,EMEA,Retail,Stage 1 - Discovery,1,18000,2024-07-06,2024-06-19,Q2,2024,10,8,Partner,Expansion
OPP-0456,Account 0456,David Kim,North America,Technology,Stage 1 - Discovery,1,116000,2023-04-12,2023-03-22,Q1,2023,34,20,Inbound,New Logo
OPP-0457,Account 0457,Yuki Tanaka,APAC,Manufacturing,Closed Won,6,23000,2023-09-27,2023-05-02,Q2,2023,14,120,Partner,Renewal
OPP-0458,Account 0458,Ryan Nakamura,North America,Retail,Closed Lost,0,73000,2023-06-01,2023-01-30,Q1,2023,6,104,Partner,New Logo
OPP-0459,Account 0459,James Okafor,North America,Technology,Stage 2 - Qualified,2,53000,2024-08-08,2024-06-25,Q2,2024,13,33,Partner,New Logo
OPP-0460,Account 0460,Nina Kovacs,EMEA,Professional Services,Stage 5 - Negotiation,5,55000,2023-05-30,2023-04-20,Q2,2023,35,37,Event,New Logo
OPP-0461,Account 0461,Lisa Torres,EMEA,Healthcare,Stage 2 - Qualified,2,35000,2024-02-17,2024-01-05,Q1,2024,30,22,Inbound,Expansion
OPP-0462,Account 0462,Emma Rodriguez,EMEA,Technology,Closed Lost,0,71000,2024-04-25,2023-10-25,Q4,2023,8,162,Inbound,Renewal
OPP-0463,Account 0463,Fatima Al-Hassan,APAC,Retail,Closed Lost,0,44000,2023-09-18,2023-03-29,Q1,2023,27,154,SDR,New Logo
OPP-0464,Account 0464,James Okafor,North America,Manufacturing,Closed Won,6,19000,2024-06-29,2024-03-10,Q1,2024,34,96,SDR,Expansion
OPP-0465,Account 0465,Wei Zhang,APAC,Financial Services,Stage 3 - Demo,3,74000,2024-05-22,2024-04-10,Q2,2024,3,21,Event,New Logo
OPP-0466,Account 0466,Ryan Nakamura,North America,Retail,Closed Won,6,59000,2024-04-23,2023-12-01,Q4,2023,33,129,Inbound,New Logo
OPP-0467,Account 0467,Chloe Dupont,EMEA,Retail,Closed Lost,0,48000,2024-03-05,2023-12-18,Q4,2023,31,64,Inbound,Renewal
OPP-0468,Account 0468,Marcus Webb,EMEA,Financial Services,Stage 2 - Qualified,2,56000,2023-12-23,2023-11-07,Q4,2023,32,25,Event,Renewal
OPP-0469,Account 0469,Raj Krishnan,APAC,Healthcare,Closed Won,6,64000,2023-08-15,2023-06-10,Q2,2023,4,48,Event,New Logo
OPP-0470,Account 0470,Lisa Torres,EMEA,Healthcare,Stage 2 - Qualified,2,38000,2023-02-27,2023-01-28,Q1,2023,17,23,Event,Expansion
OPP-0471,Account 0471,Carlos Mendoza,North America,Healthcare,Stage 1 - Discovery,1,34000,2023-03-23,2023-03-09,Q1,2023,3,6,Outbound,Renewal
OPP-0472,Account 0472,Raj Krishnan,APAC,Healthcare,Stage 2 - Qualified,2,63000,2024-01-17,2023-11-21,Q4,2023,23,32,SDR,New Logo
OPP-0473,Account 0473,Ryan Nakamura,North America,Retail,Closed Lost,0,28000,2024-05-27,2024-01-08,Q1,2024,16,128,Inbound,Renewal
OPP-0474,Account 0474,Grace Okonkwo,EMEA,Technology,Closed Won,6,28000,2023-07-16,2023-04-08,Q2,2023,21,83,SDR,Expansion
OPP-0475,Account 0475,Tom Brennan,North America,Technology,Closed Won,6,76000,2024-03-10,2023-11-17,Q4,2023,31,108,SDR,New Logo
OPP-0476,Account 0476,Wei Zhang,APAC,Retail,Closed Won,6,59000,2024-07-08,2024-03-20,Q1,2024,29,83,Inbound,Renewal
OPP-0477,Account 0477,Tom Brennan,North America,Technology,Closed Won,6,56000,2023-05-09,2023-03-07,Q1,2023,14,59,Partner,Expansion
OPP-0478,Account 0478,Sarah Chen,North America,Technology,Stage 5 - Negotiation,5,94000,2023-12-30,2023-11-14,Q4,2023,19,38,Event,New Logo
OPP-0479,Account 0479,Miguel Ferreira,LATAM,Technology,Stage 1 - Discovery,1,77000,2023-03-13,2023-02-13,Q1,2023,7,7,Inbound,Renewal
OPP-0480,Account 0480,Fatima Al-Hassan,APAC,Professional Services,Closed Lost,0,73000,2023-10-21,2023-05-24,Q2,2023,22,126,SDR,New Logo
OPP-0481,Account 0481,Aisha Johnson,North America,Professional Services,Stage 3 - Demo,3,79000,2024-04-03,2024-02-04,Q1,2024,5,32,Event,Renewal
OPP-0482,Account 0482,Raj Krishnan,APAC,Healthcare,Closed Lost,0,67000,2023-10-15,2023-04-26,Q2,2023,4,172,Outbound,New Logo
OPP-0483,Account 0483,Marcus Webb,EMEA,Financial Services,Closed Lost,0,92000,2024-02-26,2023-09-03,Q3,2023,27,147,Partner,New Logo
OPP-0484,Account 0484,Wei Zhang,APAC,Financial Services,Closed Lost,0,156000,2024-02-12,2023-08-30,Q3,2023,33,140,Outbound,New Logo
OPP-0485,Account 0485,Raj Krishnan,APAC,Healthcare,Closed Won,6,93000,2024-07-24,2024-03-08,Q1,2024,22,115,Outbound,Renewal
OPP-0486,Account 0486,Nina Kovacs,EMEA,Professional Services,Closed Won,6,18000,2023-06-06,2023-02-23,Q1,2023,7,85,Event,Expansion
OPP-0487,Account 0487,James Okafor,North America,Manufacturing,Closed Lost,0,36000,2024-11-14,2024-06-12,Q2,2024,13,147,Outbound,Expansion
OPP-0488,Account 0488,Yuki Tanaka,APAC,Healthcare,Closed Lost,0,61000,2024-02-08,2023-07-23,Q3,2023,16,180,Event,New Logo
OPP-0489,Account 0489,Priya Patel,APAC,Financial Services,Closed Won,6,28000,2024-01-24,2023-09-26,Q3,2023,2,117,Event,Expansion
OPP-0490,Account 0490,Chloe Dupont,EMEA,Retail,Closed Won,6,45000,2024-08-14,2024-04-09,Q2,2024,15,100,Outbound,Renewal
OPP-0491,Account 0491,Grace Okonkwo,EMEA,Financial Services,Stage 5 - Negotiation,5,29000,2024-01-23,2023-10-17,Q4,2023,17,69,Outbound,Expansion
OPP-0492,Account 0492,Liam O'Brien,EMEA,Manufacturing,Closed Lost,0,58000,2024-08-10,2024-04-14,Q2,2024,6,110,Partner,New Logo
OPP-0493,Account 0493,James Okafor,North America,Manufacturing,Closed Lost,0,40000,2023-08-31,2023-02-23,Q1,2023,27,180,Partner,New Logo
OPP-0494,Account 0494,Liam O'Brien,EMEA,Manufacturing,Closed Won,6,19000,2023-06-17,2023-02-12,Q1,2023,11,112,SDR,Expansion
OPP-0495,Account 0495,Wei Zhang,APAC,Financial Services,Closed Won,6,97000,2023-05-20,2023-02-15,Q1,2023,22,78,Partner,Renewal
OPP-0496,Account 0496,Tom Brennan,North America,Healthcare,Stage 1 - Discovery,1,18000,2024-05-29,2024-05-18,Q2,2024,31,6,Event,Expansion
OPP-0497,Account 0497,Tom Brennan,North America,Technology,Closed Won,6,71000,2024-07-22,2024-05-21,Q2,2024,20,56,SDR,New Logo
OPP-0498,Account 0498,Ryan Nakamura,North America,Professional Services,Stage 3 - Demo,3,65000,2024-07-14,2024-06-04,Q2,2024,8,19,SDR,Renewal
OPP-0499,Account 0499,Aisha Johnson,North America,Financial Services,Closed Lost,0,120000,2023-08-06,2023-05-05,Q2,2023,19,79,Inbound,New Logo
OPP-0500,Account 0500,Grace Okonkwo,EMEA,Financial Services,Stage 4 - Proposal,4,116000,2024-02-28,2023-12-04,Q4,2023,5,61,Event,Renewal
